Month;AMO;NAO;AMM;TSA;TNA;PDO;MEI;EMI;AAO;AO;PNA;SOLAR;QBO;vazao
1979-1;-0.18;-2.12;1.15;-0.16;0.17;-0.58;0.6;0.01;0.21;-2.23;-1.54;2030;1.86;3191
1979-2;-0.14;-1.2;2.5;-0.24;0.28;-1.33;0.36;0.13;0.36;-0.7;-2.73;2041;4.12;4071
1979-3;-0.22;0.41;2.37;-0.31;0.15;0.3;-0.02;0.17;0.9;-0.81;0.08;1858;0.89;1924
1979-4;-0.23;-2.01;2.16;0.01;0.29;0.89;0.28;0.02;0.68;-1.16;-0.15;1738;-3.57;1226
1979-5;-0.11;-0.9;2.42;0.07;0.35;1.09;0.37;-0.26;0.72;-0.25;1.27;1652;-12.9;745
1979-6;-0.03;1.92;1.96;0.1;0.42;0.17;0.4;-0.26;1.7;0.93;-1.64;1803;-19.6;586
1979-7;-0.08;0.86;1.16;0.14;0.28;0.84;0.37;-0.13;2.41;0.04;0.51;1659;-21.27;447
1979-8;-0.1;1.11;-0.42;0.27;0.08;0.52;0.64;-0.21;0.55;-0.68;0.67;1727;-22.24;356
1979-9;-0.1;1.13;-0.89;0.29;0.1;1;0.78;-0.43;0.63;-0.05;1.02;2002;-22.7;361
1979-10;-0.08;0.18;-0.26;0.05;0.1;1.06;0.67;-0.11;0.16;-1.24;1.85;2179;-23.32;332
1979-11;-0.07;0.42;0.08;0.06;0.11;0.48;0.74;-0.02;-0.42;0.48;0.51;2317;-22.2;524
1979-12;-0.05;0.84;0.89;-0.02;0.26;-0.42;1;0.35;-0.95;1.3;-0.68;2035;-16.99;602
1980-1;0.01;-1.38;2.99;-0.15;0.4;-0.11;0.68;0.49;-0.45;-2.07;-1.01;2062;-10.11;2698
1980-2;-0.07;-0.39;3.35;-0.34;0.41;1.32;0.59;0.62;-0.98;-0.93;2.03;2000;-5.65;6163
1980-3;-0.13;-0.73;3.01;-0.26;0.17;1.09;0.69;0.4;-1.42;-1.43;-0.64;1681;-2.9;2568
1980-4;0.01;1.26;4.19;-0.11;0.56;1.49;0.91;0.32;-2.07;-0.42;1.66;2079;2.31;1634
1980-5;0.14;-1.34;5.1;-0.04;0.71;1.2;0.95;0.24;-0.48;-1.16;-0.16;2240;6.24;877
1980-6;0.12;-0.07;3.64;-0.08;0.47;-0.22;0.89;0.23;0.29;0.72;-0.81;1932;7.33;623
1980-7;0.06;-0.39;1.53;-0.06;0.19;0.23;0.76;0.32;-1.94;-0.62;-0.81;1848;8.74;489
1980-8;0.04;-3.01;1.73;0.03;0.29;0.51;0.33;-0.06;-1;-0.19;-2.03;1662;9.61;382
1980-9;0.01;0.79;0.89;0.11;0.21;0.1;0.28;0.01;-1.7;0.31;-0.08;1839;12.67;375
1980-10;-0.05;-1.41;0.22;-0.03;0.05;1.35;0.21;0.28;0.58;-0.52;2.87;2042;13.1;358
1980-11;-0.18;-0.52;0.68;-0.25;0.03;0.37;0.25;0.34;-2.01;-1.36;1.28;2181;12.15;656
1980-12;-0.24;0.63;0.75;-0.59;-0.02;-0.1;0.1;0.28;-0.36;-0.06;-0.57;2258;9.73;1541
1981-1;-0.16;-0.08;1.72;-0.27;0.27;0.59;-0.25;0.36;0.23;-0.12;2.46;1746;8.51;1946
1981-2;-0.16;0.6;2.78;-0.47;0.16;1.46;-0.16;0.07;0.04;-0.33;0.21;2045;6.72;1069
1981-3;0.02;-1.65;5.09;-0.64;0.6;0.99;0.45;0.15;-0.97;-1.65;1.27;2053;7.51;1475
1981-4;-0.08;0.25;4.03;-0.52;0.34;1.45;0.65;-0.14;-1.46;0.43;-1.23;2232;8.28;1555
1981-5;-0.07;0.24;3.68;-0.4;0.36;1.75;0.14;-0.28;-0.34;0.18;1.83;1946;3.01;803
1981-6;-0.04;-0.15;2.19;-0.22;0.18;1.69;-0.03;-0.45;0.35;-0.44;-0.1;1569;-3.49;611
1981-7;-0.08;0.08;1.41;-0.23;0.15;0.84;-0.05;-0.51;-0.99;0.56;-1.02;1919;-5.22;463
1981-8;-0.1;0.38;0.32;0.12;0.09;0.18;-0.09;-0.24;-2.12;-0.24;-1.54;2206;-8.24;365
1981-9;-0.02;-1.27;0.02;0.2;0.14;0.42;0.18;-0.11;-1.51;-1.04;0.08;2195;-8.59;293
1981-10;-0.17;-0.96;-0.9;0.35;0.04;0.18;0.11;-0.09;-0.26;-1.17;-1.43;2243;-9.53;519
1981-11;-0.12;-0.53;-0.17;0.26;0.13;0.8;-0.04;-0.05;0.63;-0.19;1.19;2078;-9.62;1168
1981-12;0.01;-0.11;1.91;0.1;0.27;0.67;-0.14;0.05;1.12;-1.22;-0.42;2078;-12.31;892
1982-1;-0.06;-1.55;0.37;0.03;0.19;0.34;-0.27;-0.14;-0.55;-0.88;-1.75;1790;-12.52;3330
1982-2;-0.06;0.86;-0.22;-0.2;-0.07;0.2;-0.14;-0.08;0.28;0.97;-1.2;2142;-14.71;1900
1982-3;-0.06;0.8;-0.45;-0.21;-0.07;0.19;0.1;0.3;1.6;1.07;-1.66;2105;-16.67;1878
1982-4;-0.16;-0.04;-0.68;-0.35;-0.16;-0.19;-0.01;0.48;1.53;1.45;-2.08;1618;-15.55;1288
1982-5;-0.17;-0.44;0.31;-0.37;-0.03;-0.58;0.43;0.43;0.12;-0.21;-0.53;1447;-15.26;851
1982-6;-0.17;-1.34;-0.3;-0.45;-0.15;-0.78;0.97;0.59;0.92;-1.18;2.17;1719;-15.94;648
1982-7;-0.21;1.18;-0.92;-0.44;-0.27;0.58;1.61;0.33;-0.42;0.01;0.49;1596;-8.95;523
1982-8;-0.29;0.21;-0.75;-0.57;-0.3;0.39;1.82;0.16;0.78;0.36;0.31;1679;-1.58;428
1982-9;-0.29;1.86;-2.21;-0.31;-0.28;0.84;1.81;-0.06;1.58;0.56;0.83;1653;4.21;396
1982-10;-0.35;-0.29;-3.12;-0.11;-0.34;0.37;2.02;0.17;-0.7;-0.21;-0.86;1619;8.27;472
1982-11;-0.4;1.55;-4.18;-0.28;-0.46;-0.25;2.43;-0.3;-0.85;0.66;-0.47;1674;9.51;497
1982-12;-0.36;1.56;-5.89;-0.17;-0.5;0.26;2.42;-0.63;-1.93;0.97;0.45;1994;10.35;569
1983-1;-0.28;1.34;-5.87;0.33;-0.36;0.56;2.69;-0.47;-1.34;1.36;0.87;1423;10.85;1726
1983-2;-0.09;-1.04;-3.18;0.37;-0.02;1.14;2.91;-0.38;-1.08;-1.81;1.44;1226;11.4;4278
1983-3;0.1;0.59;1.56;-0.14;0.44;2.11;3.02;-0.56;0.17;-0.57;2.03;1186;12.17;1908
1983-4;0.08;-1.07;2.41;-0.25;0.45;1.87;2.84;-0.98;0.15;-0.74;0.98;1189;13.81;1488
1983-5;-0.03;-0.01;1.11;-0.45;0.17;1.8;2.54;-1.07;-0.44;-0.44;-0.08;1371;11.93;870
1983-6;-0.04;1.31;1.25;-0.45;0.35;2.36;2.2;-1.43;-0.26;0.31;2.1;1386;3.12;629
1983-7;0;1.22;0.67;-0.31;0.23;3.51;1.77;-1.52;1.11;0.13;0.82;1250;-3.38;471
1983-8;-0.14;1.95;-0.98;-0.08;0.01;1.85;1.16;-1.29;0.79;1.1;0.5;1244;-6.53;372
1983-9;-0.2;-0.95;-1.12;0.04;-0.18;0.91;0.48;-1.18;-0.7;0.17;-1.37;1090;-7.75;337
1983-10;-0.18;1.22;-0.4;-0.08;-0.15;0.96;0.03;-1.05;1.19;1.37;0.26;1124;-10.12;419
1983-11;-0.14;-1.16;0.42;0.06;0.05;1.02;-0.13;-0.9;0.73;-0.69;1.75;925;-10.29;651
1983-12;0.02;0.18;0.52;0.39;0.23;1.69;-0.18;-0.61;0.48;0.19;-0.61;934;-11.42;1412
1984-1;-0.09;1.42;-1.62;0.68;-0.05;1.5;-0.33;-0.5;-1.1;0.91;0.6;1161;-10.65;1028
1984-2;-0.07;0.37;-2.97;0.65;-0.2;1.21;-0.53;-0.43;-0.54;-0.3;0.73;1406;-11.34;718
1984-3;-0.11;-0.79;-3.43;0.79;-0.1;1.77;0.13;-0.55;0.25;-2.39;1.08;1220;-12.98;897
1984-4;-0.14;-0.45;-2.76;0.5;-0.19;1.52;0.3;-0.69;-0.2;-0.28;1.41;1287;-14.58;1008
1984-5;-0.15;0.55;-1.77;0.26;-0.16;1.3;0.11;-0.42;-1.24;0.48;0.37;1283;-15.05;531
1984-6;-0.31;-0.12;-2.65;0.46;-0.37;0.18;-0.08;-0.19;0.43;0.01;-0.36;1003;-17.97;383
1984-7;-0.25;-0.04;-3.17;0.55;-0.35;-0.18;-0.09;-0.14;0.89;0.02;-2.61;893;-25.39;299
1984-8;-0.21;1.35;-3.57;0.77;-0.28;-0.03;-0.16;-0.3;-0.55;0.47;-1.14;837;-27.9;250
1984-9;-0.19;0.31;-3.43;0.84;-0.24;0.67;-0.1;-0.19;0.33;-0.41;-0.02;781;-25.44;268
1984-10;-0.33;0.43;-3.14;0.59;-0.49;0.58;0.01;-0.38;-0.01;-0.27;-0.53;735;-21.59;378
1984-11;-0.41;-0.2;-3.12;0.31;-0.46;0.71;-0.34;-0.68;-0.02;-0.97;0.39;763;-13.19;354
1984-12;-0.3;-0.09;-2.68;0.25;-0.5;0.82;-0.6;-0.77;-1.48;0.45;-1.9;759;-8.16;505
1985-1;-0.34;-2.38;-3.04;0.32;-0.43;1.27;-0.56;-0.21;-0.8;-2.81;1.44;745;-0.37;2695
1985-2;-0.31;-1;-2.71;0.52;-0.37;0.94;-0.59;-0.26;0.22;-1.44;-0.99;737;4.21;2126
1985-3;-0.34;-0.19;-3.92;0.14;-0.62;0.57;-0.74;-0.56;-0.13;0.55;-1.19;733;6.3;1527
1985-4;-0.38;0.2;-3.9;0.15;-0.65;0.19;-0.48;-0.41;0.03;0.65;-1.27;751;11.11;1263
1985-5;-0.32;-0.4;-4.94;0.24;-0.7;0;-0.72;-0.17;-0.07;-0.43;-0.82;802;13.57;717
1985-6;-0.11;-0.5;-0.62;0.04;-0.3;0.18;-0.1;-0.09;-0.33;-0.35;1.28;761;14.04;527
1985-7;-0.13;1.25;0.12;0.27;-0.05;1.07;-0.14;0.2;1.91;-0.39;-0.19;787;11.1;413
1985-8;-0.26;-0.74;-0.26;0.1;-0.08;0.81;-0.35;0.26;0.6;0;-0.53;715;11.08;325
1985-9;-0.23;-0.36;-0.39;0.02;-0.16;0.44;-0.51;0.22;1.51;0.11;-0.63;695;11.72;270
1985-10;-0.23;1.49;-1.1;0.27;-0.14;0.29;-0.14;0.12;0.47;1.04;-1.5;747;11.84;378
1985-11;-0.28;-0.84;-0.23;0.24;-0.08;-0.75;-0.06;0.12;1.09;-1.22;-1.83;742;11.45;507
1985-12;-0.32;0.11;-1.88;0.29;-0.25;0.38;-0.3;0;1.24;-1.95;1.08;748;9.51;1539
1986-1;-0.32;0.78;-3.85;0.2;-0.62;1.12;-0.31;-0.15;0.16;-0.57;0.6;732;8.74;1886
1986-2;-0.26;-1.58;-4.4;0.47;-0.63;1.61;-0.2;-0.13;-1.59;-2.9;0.41;836;10.15;1507
1986-3;-0.27;1.39;-4.39;0.38;-0.61;2.18;0.06;-0.05;-0.77;1.93;0.51;770;11.96;1112
1986-4;-0.31;-0.79;-5.2;0.28;-0.64;1.55;-0.15;0.04;-0.09;0.1;-0.15;751;9.11;714
1986-5;-0.21;0.84;-4.42;0.26;-0.54;1.16;0.35;-0.01;-1.85;0.37;-0.03;726;3.56;532
1986-6;-0.24;1.54;-4.37;0.41;-0.59;0.89;0.31;0.28;-0.62;0.54;0.39;676;-2.15;393
1986-7;-0.23;0.15;-3.02;0.19;-0.38;1.38;0.39;0.17;0.09;-0.01;-0.35;702;-5.25;316
1986-8;-0.25;-1.53;-2.75;0.21;-0.41;0.22;0.8;0.28;-0.16;-0.83;-1.49;684;-9.6;281
1986-9;-0.2;-0.95;-1.68;0.3;0.04;0.22;1.12;0.54;0.85;-0.02;-0.28;687;-10.21;232
1986-10;-0.3;2.2;-2.34;0.14;-0.2;1;0.98;0.34;0.31;1.43;1.18;830;-9.6;297
1986-11;-0.38;2.27;-3.41;-0.17;-0.6;1.77;0.87;0.42;-0.22;0.93;-0.71;771;-8.01;314
1986-12;-0.35;0.83;-5.95;0.02;-0.69;1.77;1.18;0.34;0.89;0.06;1.06;726;-10.51;505
1987-1;-0.26;-1.85;-3.66;0.02;-0.32;1.88;1.24;0.33;-0.95;-1.15;0.63;725;-9.93;696
1987-2;-0.2;-1.27;-2.74;0.08;-0.17;1.75;1.19;0.42;-0.71;-1.47;0.57;715;-11.37;611
1987-3;-0.01;-0.26;0.18;0.16;0.22;2.1;1.73;0.31;-0.13;-1.75;0.85;740;-14.23;996
1987-4;0.05;2.03;0.93;0.04;0.33;2.16;1.87;-0.08;-0.29;0.39;1.54;849;-16.2;710
1987-5;0.09;0.96;0.57;0.28;0.37;1.85;2.14;-0.09;0.04;0.33;-1.02;878;-20.05;462
1987-6;0.22;-1.53;2.34;0.42;0.62;0.73;1.95;0.27;-0.7;-0.71;0.56;779;-21.47;317
1987-7;0.3;0.55;0.22;0.5;0.48;2.01;1.86;0.19;-1.53;-0.47;-0.43;842;-13.96;232
1987-8;0.3;-1.19;0.78;0.43;0.56;2.83;1.98;0.19;1.49;-0.84;0.74;900;-0.6;180
1987-9;0.21;-1.04;0.38;0.32;0.4;2.44;1.89;0.22;-0.8;0.29;-2.6;861;5.88;165
1987-10;0.07;0.66;0.58;0.42;0.45;1.36;1.64;0.23;0.46;-0.08;0.75;981;9.35;238
1987-11;-0.05;0.06;-0.68;0.63;0.36;1.47;1.27;0.36;1.06;-0.54;1.19;1012;9.23;458
1987-12;0.06;0.21;1.1;0.39;0.52;1.27;1.28;0.25;0.27;-0.53;0.5;944;8.41;1260
1988-1;-0.02;0.68;-1.36;0.63;0.15;0.93;1.12;0.32;-0.61;0.27;0.03;1080;7.81;978
1988-2;-0.1;0.42;-2.51;0.66;-0.02;1.24;0.7;0.26;0.55;-1.07;1.37;1050;6.17;1304
1988-3;0.01;-0.58;-0.66;0.77;0.27;1.42;0.45;0.04;-0.22;-0.2;0.38;1149;5.86;1982
1988-4;0.07;-1.42;1.39;0.59;0.38;0.94;0.3;-0.18;-0.08;-0.56;1.12;1227;6.59;1053
1988-5;0.16;0.64;0.48;0.71;0.29;1.2;0.08;-0.32;-0.75;-0.85;0.61;1152;5.46;606
1988-6;0.18;1.19;1.71;0.73;0.34;0.74;-0.65;-0.11;-1.06;0.06;1.31;1394;0.42;474
1988-7;0.13;-0.32;1.74;0.46;0.27;0.64;-1.12;-0.32;0.58;-0.14;1.6;1527;-3.96;345
1988-8;0.01;-0.07;0.47;0.5;0.03;0.19;-1.32;-0.42;-0.75;0.26;-0.62;1542;-2.58;268
1988-9;-0.08;-0.82;0.2;0.3;0.06;-0.37;-1.5;-0.52;-0.69;1.04;-0.97;1525;-2.29;219
1988-10;-0.16;-0.66;-0.28;0.37;-0.2;-0.1;-1.32;-1.04;-2.31;0.03;0.89;1698;-1.53;351
1988-11;-0.13;-0.49;0.08;0.14;-0.23;-0.02;-1.44;-1.17;0.4;-0.04;0.11;1562;-0.84;469
1988-12;-0.15;0.48;-0.21;0.19;-0.23;-0.43;-1.31;-0.93;1.07;1.68;0.33;1998;-2.42;874
1989-1;-0.21;0.85;-2.6;0.41;-0.42;-0.95;-1.13;-1.29;0.62;3.11;-1.57;2354;-2.87;928
1989-2;-0.14;1.82;-2.84;0.23;-0.48;-1.02;-1.27;-1.28;0.85;3.28;-1.71;2224;-3.56;833
1989-3;-0.24;1.54;-4.84;0.35;-0.66;-0.83;-1.05;-0.97;0.63;1.53;-1.56;2051;-1.63;725
1989-4;-0.27;0.16;-5.79;0.29;-0.89;-0.32;-0.85;-0.81;-0.57;-0.25;-0.77;1896;-1.93;514
1989-5;-0.13;1.33;-4.45;0.33;-0.66;0.47;-0.44;-0.37;2.69;0.89;-0.04;1901;-5.46;377
1989-6;0.11;0.03;0.35;0.31;-0.17;0.36;-0.24;-0.52;2;0.35;-0.56;2396;-9.38;279
1989-7;0.19;1;2.14;0.26;0.25;0.83;-0.44;-0.49;1.46;0.87;-0.59;1819;-13.86;227
1989-8;0.13;-0.11;2.68;0.39;0.39;0.09;-0.48;-0.49;-0.13;0.55;-0.27;2171;-16.98;198
1989-9;-0.08;2.15;0.52;0.21;0.06;0.05;-0.28;-0.21;-0.12;0.7;0.41;2259;-18.83;207
1989-10;-0.11;0.48;0.54;0.28;0.12;-0.12;-0.31;-0.23;0.14;0.99;-1.08;2087;-21.3;282
1989-11;-0.13;0.03;-0.24;-0.06;-0.04;-0.5;-0.05;-0.02;0.57;0.03;-0.7;2351;-19.01;624
1989-12;-0.14;-1.15;1.63;-0.25;0.22;-0.21;0.13;0.15;-0.45;-0.64;0.57;2130;-13.54;3823
1990-1;-0.28;0.7;-0.18;-0.34;-0.08;-0.3;0.23;0.23;-0.35;1;-1.09;2101;-8.71;2322
1990-2;-0.15;1.16;-1.27;0.13;-0.1;-0.65;0.56;0.09;1.15;3.4;-2.78;1783;-6.74;1392
1990-3;-0.16;1.13;-1.6;0.32;-0.04;-0.62;0.92;0.28;0.41;2.99;0.04;1888;0.95;1285
1990-4;-0.1;2.03;-0.8;0.35;0.06;0.27;0.4;0.12;-1.88;1.88;-0.62;1853;5.72;878
1990-5;-0.04;-1.37;0.61;-0.06;0.13;0.44;0.64;0.12;-1.8;0.94;0.27;1897;11.46;658
1990-6;-0.04;0.29;-0.3;0.08;-0.02;0.44;0.49;0.07;0.09;0.3;-1.39;1709;12.9;467
1990-7;-0.01;0.56;0.91;-0.11;0.06;0.27;0.13;0.38;-1.22;-0.3;-0.26;1807;12.54;387
1990-8;0.07;1.12;2.1;-0.13;0.3;0.11;0.14;0.38;0.47;-0.18;1.76;2226;12.63;298
1990-9;0.16;1.18;2.08;-0.07;0.4;0.38;0.38;0.44;1.48;-0.21;-0.46;1774;13.21;330
1990-10;0.13;0.76;1.35;0.1;0.41;-0.69;0.28;0.67;0.14;0.66;-0.91;1820;12.39;335
1990-11;-0.04;-0.39;0.83;0.17;0.33;-1.69;0.39;0.65;-0.36;0.52;-1.66;1843;11.55;393
1990-12;-0.02;0.11;-0.54;0.22;0.17;-2.23;0.36;0.75;-0.31;1.28;-1.62;2049;10.68;480
1991-1;-0.18;0.49;-1.29;0.12;-0.14;-2.02;0.32;0.73;0.87;0.72;0.2;2294;8.71;1039
1991-2;-0.1;0.74;-1.19;0.06;-0.11;-1.19;0.31;0.58;-0.85;-0.88;1.13;2430;8.44;1161
1991-3;-0.05;-0.61;-2.06;0.14;-0.22;-0.74;0.41;0.47;0.52;-0.53;-1.21;2300;9;1724
1991-4;-0.12;0.17;-3.57;0.31;-0.39;-1.01;0.47;0.76;-0.64;0.53;0.38;1988;10.69;1499
1991-5;-0.14;0.12;-4.43;0.49;-0.42;-0.51;0.75;0.56;-0.54;0.49;-0.63;1903;3.82;690
1991-6;-0.11;-0.52;-5.03;0.44;-0.43;-1.47;1.12;0.49;-1.16;-0.12;-0.92;2068;-3.34;481
1991-7;-0.09;-0.46;-4.12;0.05;-0.39;-0.1;1.02;0.27;-1.22;-0.19;0.28;2120;-10.36;362
1991-8;-0.09;1.46;-2.15;-0.33;-0.29;0.36;1.02;0.55;0.04;0.8;-0.28;2103;-14.69;281
1991-9;-0.02;0.61;0.38;-0.36;-0.14;0.65;0.76;0.48;-0.51;-0.11;1.15;1806;-13.96;248
1991-10;-0.25;0.3;-1.31;-0.36;-0.11;0.49;1.02;0.76;-0.62;-0.25;-2.35;2013;-12.21;295
1991-11;-0.25;0.37;-1.22;-0.34;-0.15;0.42;1.2;0.58;-0.8;0.29;0.22;1720;-12.27;408
1991-12;-0.2;0.34;-2.19;-0.08;-0.18;0.09;1.33;0.67;-2.07;1.61;0.17;2239;-12.68;604
1992-1;-0.18;-0.66;-1.47;-0.27;0;0.05;1.75;0.4;0.07;0.55;0.99;2176;-13.96;1458
1992-2;-0.08;0.77;-0.98;-0.26;0.04;0.31;1.86;0.4;-1.63;1.12;0.09;2321;-14.33;3235
1992-3;-0.08;0.51;-0.75;-0.4;-0.18;0.67;1.99;0.26;-1.01;0.98;0.46;1713;-16.84;1363
1992-4;-0.17;1.88;-1.21;-0.57;-0.29;0.75;2.27;-0.01;-0.44;-0.52;-0.29;1585;-17.79;1198
1992-5;-0.21;2.49;-0.34;-0.66;-0.18;1.54;2.15;-0.05;-2.03;1.34;1.2;1254;-15.96;716
1992-6;-0.14;0.51;0.02;-0.8;-0.11;1.26;1.76;0.17;-2.19;-0.3;1.36;1167;-15.34;514
1992-7;-0.21;0.19;0.68;-0.6;-0.01;1.9;1.02;0.54;-0.57;0.19;0.38;1322;-12.05;401
1992-8;-0.37;0.97;0.08;-0.66;-0.23;1.44;0.57;0.29;-0.35;0.54;-0.37;1221;-4.75;318
1992-9;-0.36;-0.28;-0.02;-0.56;-0.21;0.83;0.52;0.36;0.44;-0.64;-1.13;1168;1.3;325
1992-10;-0.29;-1.4;0.06;-0.52;-0.06;0.93;0.66;0.22;-0.32;-0.37;0.4;1317;3.94;488
1992-11;-0.32;1.12;-0.71;-0.79;-0.3;0.93;0.59;0.33;0.12;0.72;0.8;1452;6.33;947
1992-12;-0.27;0.35;-1.34;-0.36;-0.23;0.53;0.64;0.41;0.24;1.63;-1.53;1391;8.19;2153
1993-1;-0.23;1.35;-2.26;-0.25;-0.25;0.05;0.69;0.47;-2.02;3.5;-1.48;1210;9.63;1494
1993-2;-0.17;0.12;-2.51;-0.13;-0.25;0.19;0.98;0.26;0.44;0.18;0.44;1426;10.81;1705
1993-3;-0.23;0.3;-3.14;-0.09;-0.23;0.76;0.99;0.11;-0.38;0.76;0.94;1364;11.36;1131
1993-4;-0.16;0.91;-3.26;0.2;-0.07;1.21;1.41;0.16;0.09;-0.44;1.26;1159;12.6;784
1993-5;-0.15;-0.67;-2.3;0.03;-0.04;2.13;1.99;0.1;1.26;-1.61;2.43;1124;13.56;547
1993-6;-0.17;-0.29;-0.88;-0.03;0.07;2.34;1.56;0.13;1.22;-0.52;0.66;1093;6.55;417
1993-7;-0.26;-3.14;-2.55;0.05;-0.17;2.35;1.17;0.29;1.96;-0.51;-0.28;990;0.38;323
1993-8;-0.22;0.03;-2.52;0.04;-0.11;2.69;1.03;0.29;1.08;-0.39;-0.17;937;-1.2;274
1993-9;-0.15;-0.41;-2.64;0.44;-0.12;1.56;0.99;0.42;1.06;-0.36;-0.97;870;-1.14;267
1993-10;-0.23;-0.26;-3.22;0.69;-0.13;1.41;1.06;0.38;0.75;-0.57;-0.17;1003;-4.04;299
1993-11;-0.3;2.56;-5.27;0.75;-0.34;1.24;0.84;0.37;0.32;1;-0.35;959;-5.76;273
1993-12;-0.28;1.36;-5.93;0.5;-0.41;1.07;0.6;0.4;1.03;-0.1;0.42;1048;-6;848
1994-1;-0.28;0.7;-6.23;0.32;-0.59;1.21;0.35;0.2;0.72;-0.29;-0.8;1150;-7.64;1228
1994-2;-0.3;0.08;-5.47;0.12;-0.61;0.59;0.2;0.11;1.16;-0.86;-1.27;996;-9.84;949
1994-3;-0.27;0.92;-5.56;0.24;-0.6;0.8;0.17;0.34;0.69;1.88;0.23;904;-11.29;2157
1994-4;-0.19;1.1;-4.92;0.18;-0.46;1.05;0.45;0.45;-0.05;0.23;-0.7;791;-14.71;1233
1994-5;-0.19;-0.48;-4.82;0.11;-0.5;1.23;0.56;0.4;-0.15;-0.12;0.48;799;-18.03;636
1994-6;-0.21;1.84;-3.49;-0.18;-0.43;0.46;0.81;0.5;-1.68;1.61;-1.36;773;-23.09;482
1994-7;-0.22;1.34;-2.31;-0.26;-0.39;0.06;0.89;0.79;-0.49;0.35;-0.06;805;-28.65;380
1994-8;-0.22;0.36;-2.24;-0.17;-0.29;-0.79;0.77;1.09;1.91;0.83;-1.38;761;-27.02;288
1994-9;-0.14;-1.14;-1.71;-0.15;-0.24;-1.36;0.9;0.77;-0.95;-0.08;-2.02;790;-19.07;224
1994-10;-0.05;-0.54;-1.42;-0.05;-0.08;-1.32;1.42;0.61;-0.58;0.17;-0.09;877;-10.29;233
1994-11;-0.01;0.54;-1.7;0.08;-0.03;-1.96;1.29;0.64;-0.79;1.78;-1.61;809;-0.3;437
1994-12;-0.08;1.78;-2.24;0.2;-0.13;-1.79;1.23;0.52;0.93;0.89;0.39;774;5.93;759
1995-1;-0.05;0.57;-1.37;0.4;-0.05;-0.49;1.22;0.46;1.45;-0.15;0.2;827;8.38;1049
1995-2;-0.03;0.85;-1.66;0.61;-0.04;0.46;0.96;0.53;0.53;1.43;0.68;856;8.01;1431
1995-3;0.03;0.91;-3.49;0.74;-0.05;0.75;0.88;0.71;-0.15;0.39;0.03;851;8.79;991
1995-4;0.09;-1.07;-1.58;0.61;0.11;0.83;0.44;0.69;0.65;-0.96;0.04;777;11.79;1313
1995-5;0.29;-1.33;0.76;0.59;0.3;1.46;0.52;0.57;1.4;-0.89;0.09;755;14.92;750
1995-6;0.38;0.44;1.33;0.64;0.48;1.27;0.49;0.42;-0.8;-0.11;0.9;757;15.62;497
1995-7;0.33;-0.19;2.48;0.35;0.58;1.71;0.19;0.2;-3.01;-0.22;-0.74;739;11.74;371
1995-8;0.2;0.76;2.99;-0.07;0.59;0.21;-0.16;0.15;-0.7;0.54;-0.33;738;9.53;277
1995-9;0.07;0.45;2.91;-0.04;0.4;1.16;-0.41;0.07;1.17;-0.55;1.22;720;6.98;224
1995-10;0.12;0.72;3.46;-0.05;0.37;0.47;-0.47;-0.14;-0.06;0.08;0.11;779;3.43;251
1995-11;0.14;-1.59;4.66;0.12;0.51;-0.28;-0.45;-0.26;0.14;-0.72;-0.73;742;-0.77;415
1995-12;0.06;-1.64;4.35;0;0.47;0.16;-0.55;-0.17;1.47;-2.13;0.62;726;-4.57;1076
1996-1;0;-0.65;5.71;0.18;0.74;0.59;-0.63;-0.19;0.33;-1.2;-0.68;745;-5.79;977
1996-2;-0.02;-0.52;2.64;0.43;0.4;0.75;-0.58;-0.25;-0.53;0.16;-0.7;715;-6.9;682
1996-3;-0.04;-0.66;0.09;0.47;0.22;1.01;-0.24;-0.31;0.54;-1.48;-0.75;707;-9.92;849
1996-4;0.02;-0.33;0.02;0.65;0.31;1.46;-0.5;0.04;0.12;-1.53;0.51;693;-11.08;645
1996-5;-0.05;-0.93;-0.15;0.77;0.36;2.18;-0.13;-0.15;0.98;-0.23;0.37;701;-14.88;436
1996-6;-0.11;0.87;-1.58;0.87;0.18;1.1;0.05;0.12;-0.25;0.5;-1.18;696;-17.03;315
1996-7;-0.09;0.7;-1.27;0.66;0.12;0.77;-0.2;-0.15;0.02;0.72;0.18;712;-23.93;242
1996-8;0.01;1.19;-0.58;0.35;-0.03;-0.14;-0.38;-0.33;-1.5;0.13;-0.93;724;-25.85;205
1996-9;0.01;-0.69;0.53;0.13;0.15;0.24;-0.44;-0.24;-1.31;-1.14;-0.27;694;-26.02;171
1996-10;-0.13;0.15;1.17;0.12;0.08;-0.33;-0.35;-0.11;0.97;0.18;-0.67;692;-23.4;263
1996-11;-0.16;-0.72;1.42;0.12;0.03;0.09;-0.13;0.06;-1.67;0.14;-0.44;787;-18.08;426
1996-12;-0.14;-1.4;2.32;-0.06;0.14;-0.03;-0.33;0.24;-0.02;-1.72;-1.53;778;-9.86;483
1997-1;-0.08;-1.08;4.26;-0.22;0.31;0.23;-0.49;0.27;0.37;-0.46;0.16;740;-3.57;1481
1997-2;-0.02;1.48;3.32;-0.34;0.34;0.28;-0.6;0.14;-0.24;1.89;0.45;738;1.94;939
1997-3;0.02;1.13;2.7;-0.47;0.15;0.65;-0.24;-0.11;0.7;1.09;-1.56;735;4.77;2204
1997-4;0.02;-1.25;2.11;-0.5;0.27;1.05;0.54;0.1;-0.46;0.32;0.29;745;9.74;1768
1997-5;0.05;-0.21;2.52;-0.54;0.43;1.83;1.17;-0.12;1.03;-0.96;0.77;746;12.37;868
1997-6;0.02;-1.17;2.32;-0.67;0.54;2.76;2.34;-0.57;-0.46;-0.82;-0.25;717;14.5;595
1997-7;0.07;0.37;0.23;-0.27;0.34;2.35;2.83;-0.49;0.78;-0.43;0.1;711;14.85;448
1997-8;0.03;0.94;-1.4;-0.09;0.16;2.79;3.04;-0.51;0.77;0.12;-0.55;790;11.69;323
1997-9;0.12;0.74;-1.16;0.21;0.26;2.19;3.05;-0.46;0.12;0.2;0.22;962;11.64;321
1997-10;0.16;-1.34;-0.15;0.69;0.59;1.61;2.42;-0.66;-0.6;-0.7;-0.12;849;9.91;338
1997-11;0.06;-1.08;-0.35;0.79;0.58;1.12;2.58;-0.56;-1.91;-0.66;0.86;995;5.74;394
1997-12;0.15;-0.98;-1.44;1.03;0.44;0.67;2.37;-0.97;-0.84;-0.07;0.85;988;0.78;708
1998-1;0.14;-0.05;-1.55;0.72;0.43;0.83;2.5;-0.49;0.41;-2.08;0.3;934;-0.85;865
1998-2;0.31;-0.57;1.52;0.74;0.77;1.56;2.79;-0.53;0.39;-0.18;0.89;934;-2.96;1164
1998-3;0.34;0.51;2.17;0.69;0.75;2.01;2.73;-0.75;0.74;-0.25;0.69;1091;-4.92;856
1998-4;0.31;-0.88;0.74;0.54;0.59;1.27;2.63;-0.96;1.93;-0.04;0.85;1083;-7.82;447
1998-5;0.4;-1.17;1.2;0.54;0.59;0.7;2.16;-1.02;-0.04;0.43;-1.87;1067;-14.08;286
1998-6;0.5;-2.44;1.42;0.66;0.66;0.4;1.24;-1.06;1.03;-0.71;0.09;1084;-18.57;204
1998-7;0.5;-0.45;0.85;0.85;0.56;-0.04;0.35;-1.18;1.45;-0.21;1.67;1140;-22.97;162
1998-8;0.53;-0.15;1.89;0.59;0.67;-0.22;-0.36;-1.29;0.9;0.65;-0.6;1360;-24.7;107
1998-9;0.43;-1.8;1.35;0.41;0.51;-1.21;-0.59;-1.07;-0.12;-1.05;0.42;1383;-22.12;137
1998-10;0.4;0.2;4.11;0.21;0.49;-1.39;-0.8;-1.17;0.4;0.29;0.77;1173;-18.77;148
1998-11;0.33;-0.43;4.39;0.32;0.43;-0.52;-1.1;-1.18;0.82;-1.45;0.7;1402;-12.22;614
1998-12;0.29;0.72;3.97;0.11;0.29;-0.44;-0.94;-1.2;1.44;1.35;-0.39;1501;-3.96;879
1999-1;0.06;0.39;1.36;0.13;-0.1;-0.32;-1.09;-1.3;1;0.11;-0.44;1426;3.09;689
1999-2;0.07;-0.11;-0.3;0.05;-0.2;-0.66;-1.18;-1.46;0.46;0.48;-0.46;1420;5.84;576
1999-3;0.08;-0.16;-2.06;0.33;-0.23;-0.33;-1.09;-1.22;0.18;-1.49;0.38;1263;8.59;884
1999-4;0.07;-1.18;-2.8;0.45;-0.13;-0.41;-1.05;-0.71;0.95;0.28;0.05;1172;13.51;330
1999-5;0.18;0.9;-1.87;0.53;0.11;-0.68;-0.66;-0.69;1.64;0.23;-0.05;1486;15.56;215
1999-6;0.19;1.44;-0.83;0.49;0.15;-1.3;-0.37;-0.56;-1.33;0.71;0.43;1698;15.23;145
1999-7;0.21;-0.87;-1.1;0.64;0.17;-0.66;-0.49;-0.55;0.32;0;-0.92;1656;14.11;111
1999-8;0.32;0.38;0.94;0.55;0.34;-0.96;-0.77;-0.59;0.04;-0.67;1.95;1708;11.91;97
1999-9;0.2;0.5;2.35;0.24;0.38;-1.53;-0.97;-0.4;-0.01;0.06;0.33;1357;11.18;131
1999-10;0.03;0.73;2.2;0.28;0.25;-2.23;-0.98;-0.49;1.65;-0.01;0.62;1648;10.62;159
1999-11;-0.04;0.55;2.29;0.33;0.13;-2.05;-1.04;-0.58;0.9;0.61;0.45;1915;6.01;621
1999-12;0.03;1.4;3.66;0.36;0.27;-1.63;-1.19;-0.79;1.78;1.04;-0.09;1698;6.43;1375
2000-1;-0.07;0.19;1.19;0.21;-0.18;-2;-1.16;-0.92;1.27;1.27;-1.7;1581;4.85;1806
2000-2;-0.03;1.48;-0.38;0.39;-0.1;-0.83;-1.21;-1.24;0.62;1.08;1.2;1732;4.2;1724
2000-3;0.12;0.4;0.31;0.4;0.06;0.29;-1.15;-1.14;0.13;-0.45;0.95;2082;5.51;1766
2000-4;0.06;-0.18;-1.41;0.37;-0.01;0.35;-0.55;-1.17;0.23;-0.28;-0.58;1842;3.98;856
2000-5;0.12;1.52;-1.99;0.29;-0.06;-0.05;0.16;-0.83;1.13;0.97;-0.16;1845;-0.99;459
2000-6;0;0.28;-2.3;0.2;-0.16;-0.44;-0.04;-0.3;0.12;0.59;-1.19;1798;-7.83;339
2000-7;0.09;-1;-1.05;0.15;0.01;-0.66;-0.17;-0.14;0.06;-0.65;-2.55;2047;-13.13;266
2000-8;0.12;-0.5;-0.38;0.2;0.15;-1.19;-0.14;-0.22;-0.67;0.14;-0.51;1631;-15.31;206
2000-9;0.12;-0.06;-0.12;0.02;0.02;-1.24;-0.22;-0.26;-1.85;0.4;-1.21;1821;-15.52;223
2000-10;-0.03;1.51;0.15;0.1;0;-1.3;-0.37;-0.33;0.35;0.32;0.44;1677;-14.04;164
2000-11;-0.04;-1.1;0.39;0.07;-0.12;-0.53;-0.71;-0.35;-1.54;-1.58;0.7;1788;-15.07;699
2000-12;-0.11;-0.63;0.24;-0.01;-0.19;0.52;-0.55;-0.67;-1.29;-2.35;0.92;1736;-14.56;1328
2001-1;-0.11;-0.22;0.4;0.16;-0.13;0.6;-0.5;-0.71;-0.47;-0.96;1.29;1666;-15.69;810
2001-2;-0.01;0.07;-0.06;0.17;-0.15;0.29;-0.67;-0.85;-0.27;-0.62;-0.51;1467;-15.53;600
2001-3;0.03;-1.73;0.15;0.29;0.15;0.45;-0.62;-0.98;-0.56;-1.69;0.39;1777;-15.99;979
2001-4;0;-0.15;-1.45;0.38;0.05;-0.31;-0.16;-0.73;0.52;0.91;-0.7;1781;-17.73;553
2001-5;0.01;0.03;-2.08;0.47;0.06;-0.3;0.22;-0.23;-0.26;0.45;-0.01;1479;-20.99;322
2001-6;0.21;0.11;-0.64;0.36;0.24;-0.47;0.03;-0.04;0.39;-0.02;-0.89;1737;-23.31;208
2001-7;0.15;-0.22;0.41;0.15;0.3;-1.31;0.29;0.22;-0.93;-0.03;-0.36;1313;-24.45;176
2001-8;0.19;-0.22;0.41;0.14;0.34;-0.77;0.37;0.25;0.91;0.52;-0.14;1631;-21.67;120
2001-9;0.3;-0.49;2.93;0.11;0.51;-1.37;-0.11;0.47;1.16;-0.71;0.04;2338;-14.29;144
2001-10;0.27;0.25;3.31;0.2;0.48;-1.37;-0.27;0.24;1.28;0.71;-0.08;2081;-10.81;315
2001-11;0.17;0.53;5.03;0.16;0.62;-1.26;-0.16;0.24;1;0.82;1.03;2127;-3.88;599
2001-12;0.23;-0.86;5.54;0.01;0.66;-0.93;0.03;0.09;1.47;-1.32;0.26;2356;1.48;981
2002-1;0.2;0;6.05;0.14;0.78;0.27;-0.03;0.34;0.75;1.38;-0.7;2273;4.64;2084
2002-2;0.18;0.8;4.3;-0.06;0.53;-0.64;-0.18;0.11;1.33;1.3;-0.11;2050;8;1741
2002-3;0.16;0.32;2.14;0.29;0.37;-0.43;-0.2;-0.17;-1.82;0.9;-1.56;2044;9.32;1036
2002-4;0.04;1.14;-2.38;0.31;-0.02;-0.32;0.36;0.02;0.17;0.75;-2.4;1898;14.03;652
2002-5;-0.03;-0.15;-4.39;0.49;-0.19;-0.63;0.84;0.08;-2.8;0.4;-0.56;1784;14.16;405
2002-6;-0.1;0.69;-4.43;0.33;-0.13;-0.35;0.95;0.52;-1.11;0.57;0.06;1487;13.26;300
2002-7;-0.05;0.65;-3.56;0.47;-0.06;-0.31;0.68;0.56;-0.59;0.33;0.4;1735;10.05;239
2002-8;0.12;0.36;-1.99;0.01;-0.05;0.6;0.95;0.63;-0.1;-0.23;0.61;1839;10.6;163
2002-9;0.09;-0.54;-0.73;-0.08;0.07;0.43;0.86;0.58;-0.86;-0.04;0.6;1758;8.9;168
2002-10;0.13;-1.97;1.14;0.14;0.36;0.42;0.98;0.42;-2.56;-1.49;-0.55;1670;7.66;139
2002-11;0.03;-0.32;0.91;-0.07;0.22;1.51;1.08;0.36;-0.92;-1.43;1.46;1687;4.46;329
2002-12;0.02;-0.96;-0.45;0.35;0.2;2.1;1.14;0.29;1.31;-1.59;1.28;1572;-0.5;608
2003-1;0.06;-0.32;0.13;0.56;0.27;2.09;1.2;0.48;-0.99;-0.47;1.01;1440;-1.39;1197
2003-2;0;0.26;-1.6;0.57;0;1.75;0.94;0.46;-0.36;0.13;0.68;1245;-1.43;1056
2003-3;0.13;-0.07;-3.1;0.63;0.04;1.51;0.83;0.59;-0.19;0.93;-0.36;1322;-3.3;1140
2003-4;0.09;-0.34;-1.79;0.42;0;1.18;0.33;0.41;0.22;-0.18;-0.1;1263;-8.56;919
2003-5;0.17;0.06;-1.51;0.37;0.06;0.89;0.09;0.29;0.39;1.02;-1.85;1162;-13.63;425
2003-6;0.22;0.24;-0.11;0.1;0.22;0.68;0.09;0.32;-0.78;-0.1;-0.53;1293;-17.71;293
2003-7;0.29;0.16;-0.16;0.4;0.36;0.96;0.17;0.14;0.73;0.08;0.73;1277;-22.99;206
2003-8;0.43;-0.22;1.37;0.49;0.59;0.88;0.27;0.02;0.68;-0.28;-0.31;1221;-24.64;135
2003-9;0.47;0.16;2.67;0.49;0.66;0.01;0.46;0.26;-0.32;0.47;0.59;1122;-22.51;167
2003-10;0.44;-0.86;3.82;0.53;0.8;0.83;0.52;0.2;-0.03;-0.67;1.23;1513;-20.34;139
2003-11;0.24;0.77;2.17;0.55;0.48;0.52;0.54;0.13;-0.71;0.64;-1.65;1408;-17.86;283
2003-12;0.24;0.5;1.98;0.56;0.49;0.33;0.35;0.04;-1.32;0.27;0.56;1150;-11.38;340
2004-1;0.23;-0.85;2.87;0.41;0.5;0.43;0.32;0.12;0.81;-1.69;-0.12;1141;-4.84;1292
2004-2;0.22;-0.6;3.07;0.22;0.51;0.48;0.36;-0.03;-1.18;-1.53;1.12;1070;2.61;2998
2004-3;0.17;0.67;2.17;-0.01;0.36;0.61;-0.12;-0.19;0.43;0.32;0;1120;5.45;1870
2004-4;0.12;1.11;2.72;-0.26;0.46;0.57;0.24;-0.01;0.15;-0.41;0.25;1012;10.46;1326
2004-5;0.02;0.23;0.9;-0.12;0.17;0.88;0.52;0.33;0.46;-0.09;-1.46;998;12.97;671
2004-6;0.19;-0.59;1.22;-0.08;0.27;0.04;0.28;0.46;1.2;-0.24;-0.28;974;11.75;448
2004-7;0.24;1.16;1.82;0.08;0.46;0.44;0.53;0.59;1.47;-0.2;-0.33;1185;9.96;321
2004-8;0.33;-0.74;3.7;0.22;0.68;0.85;0.67;0.7;-0.07;-0.72;1.52;1110;8.74;230
2004-9;0.26;0.52;2.96;0.33;0.59;0.75;0.53;0.7;0.25;0.86;-0.11;1030;7.29;201
2004-10;0.26;-0.69;4.1;0.14;0.62;-0.11;0.5;0.68;-0.04;-0.52;-1.37;1059;8;252
2004-11;0.24;0.63;4.88;0.24;0.63;-0.63;0.82;0.46;-0.24;0.68;0.29;1137;4.35;330
2004-12;0.2;1.03;3.78;0.43;0.53;-0.17;0.67;0.36;-0.97;1.23;-0.04;950;2.45;497
2005-1;0.13;1.26;2.39;0.61;0.46;0.44;0.31;0.57;-0.13;0.36;-0.62;1022;-0.69;993
2005-2;0.14;-0.51;1.43;0.49;0.38;0.81;0.81;0.51;1.24;-1.27;-0.11;972;-0.96;1359
2005-3;0.3;-2.32;2.27;0.61;0.68;1.36;1.03;0.5;0.16;-1.35;0.56;899;-0.33;1605
2005-4;0.31;-0.47;3.82;0.29;0.81;1.03;0.59;0.29;0.36;-0.05;1;860;-6.64;797
2005-5;0.31;-1.11;4.58;-0.06;1.01;1.86;0.8;0.07;-0.3;-0.76;1.62;995;-15.09;449
2005-6;0.34;0.26;5.55;-0.26;0.92;1.17;0.52;0.12;-1.43;-0.38;0.42;937;-20.59;298
2005-7;0.46;-0.48;4.03;-0.32;0.84;0.66;0.51;-0.15;-0.25;-0.03;-0.02;965;-24.2;236
2005-8;0.46;0.35;3.31;0.01;0.74;0.25;0.33;-0.08;0.23;0.03;0.69;905;-25.87;188
2005-9;0.43;0.76;4.08;-0.09;0.73;-0.46;0.29;0.25;0.24;0.8;1.32;911;-27.8;137
2005-10;0.25;-0.55;3.63;0;0.54;-1.32;-0.15;0.24;0.03;0.03;1.16;766;-28.76;109
2005-11;0.16;-0.46;3.69;-0.07;0.4;-1.5;-0.38;0.56;-0.55;0.23;-0.74;862;-29.55;403
2005-12;0.23;-0.5;5.29;-0.02;0.55;0.2;-0.58;0.42;-1.97;-2.1;1.07;907;-25.04;1237
2006-1;0.14;0.97;4.17;0.04;0.41;1.03;-0.44;-0.32;0.34;-0.17;-0.1;834;-18.83;692
2006-2;0.09;-1.02;1.2;0.23;0.19;0.66;-0.41;-0.88;-0.21;-0.16;-0.44;765;-11.24;792
2006-3;0.08;-1.75;-0.26;0.41;0.18;0.05;-0.58;-0.52;0.5;-1.6;-0.56;755;-0.38;1216
2006-4;0.21;1.2;1.3;0.31;0.41;0.4;-0.69;-0.15;-0.17;0.14;0.2;890;5;1036
2006-5;0.32;-1.01;0.83;0.24;0.43;0.48;0;-0.08;1.7;0.16;-1.03;809;10.36;473
2006-6;0.35;1.15;0.07;0.41;0.52;1.04;0.59;0.06;0.44;1.07;-1.02;765;11.47;309
2006-7;0.39;0.93;-0.51;0.3;0.36;0.35;0.67;0.11;0.93;0.1;1.29;758;10.75;228
2006-8;0.42;-2.35;1.27;0.33;0.53;-0.65;0.76;0.26;-1.73;-0.27;-1.45;794;9.1;195
2006-9;0.38;-1.43;1.99;0.27;0.69;-0.94;0.83;0.19;-0.32;0.61;0.31;778;10.2;169
2006-10;0.35;-1.92;3.69;0.23;0.74;-0.05;0.93;0.35;0.88;-1.03;-0.76;743;10.86;419
2006-11;0.3;0.33;4.49;0.08;0.71;-0.22;1.32;0.35;0.1;0.52;-1.34;863;10.1;629
2006-12;0.19;1.15;2.47;0.32;0.47;0.14;1;0.27;0.64;2.28;1.55;845;6.21;872
2007-1;0.19;-0.25;2.24;0.24;0.46;0.01;1.01;0.11;-0.08;2.03;0.27;835;2.61;1163
2007-2;0.23;-0.98;2.96;0.21;0.56;0.04;0.54;0.03;0.08;-1.31;-0.42;777;2.43;2427
2007-3;0.14;1.11;1.98;0.04;0.33;-0.36;0.07;0.22;-0.57;1.18;-0.12;722;1.24;978
2007-4;0.17;0.04;0.99;0.24;0.4;0.16;-0.05;0.3;-1.04;0.54;0.97;724;-5.18;642
2007-5;0.13;0.66;-0.2;0.28;0.21;-0.1;0.23;0.2;-0.61;0.89;0.03;744;-14.06;389
2007-6;0.1;-1.01;-0.48;0.43;0.16;0.09;-0.22;0.24;-1.2;-0.56;-0.3;737;-21.33;265
2007-7;0.14;-0.55;-0.99;0.23;0.09;0.78;-0.25;0.08;-2.63;-0.4;1.65;716;-24.92;224
2007-8;0.07;-0.31;-0.24;0.15;0.01;0.5;-0.41;0.19;-0.11;-0.03;1.96;691;-27.41;165
2007-9;0.11;0.85;0.2;0.27;0.11;-0.36;-1.09;0.06;0.03;0.18;1.52;670;-28.13;129
2007-10;0.17;1;2.42;0.11;0.24;-1.45;-1.1;-0.11;-0.43;0.38;0.77;675;-29.05;102
2007-11;0.19;0.48;3.5;0.1;0.24;-1.08;-1.12;-0.22;-0.98;-0.52;0.65;696;-27.61;310
2007-12;0.13;0.23;2.58;0.2;0.09;-0.58;-1.13;-0.47;1.93;0.82;-0.16;785;-19.48;550
2008-1;0.05;0.53;2.15;0.19;0.14;-1;-0.97;-0.89;1.21;0.82;-1.06;743;-12.42;605
2008-2;0.14;0.38;0.98;0.36;0.18;-0.77;-1.36;-1.31;1.15;0.94;0.37;711;-4.7;1224
2008-3;0.17;-0.32;0.12;0.6;0.27;-0.71;-1.65;-1.24;0.59;0.59;-0.61;729;2.19;1800
2008-4;0.06;-1.31;-1.87;0.64;0.09;-1.52;-0.96;-1.02;-0.87;-0.46;-1.18;702;6.43;1102
2008-5;0.19;-1.55;-0.64;0.82;0.28;-1.37;-0.35;-0.79;-0.49;-1.21;1.25;684;11.53;484
2008-6;0.27;-1.09;-0.59;0.7;0.39;-1.34;0.16;-0.67;1.35;-0.09;-1.76;659;13.45;332
2008-7;0.22;-1.24;-0.41;0.66;0.45;-1.67;0.07;-0.64;0.32;-0.48;-0.51;657;13.27;241
2008-8;0.19;-1.62;0.08;0.51;0.45;-1.7;-0.24;-0.75;0.09;-0.08;0.89;663;11.63;172
2008-9;0.21;1.14;2.09;0.28;0.57;-1.55;-0.56;-0.62;1.39;-0.33;0.89;671;11.6;107
2008-10;0.12;0.47;2.81;0.27;0.43;-1.76;-0.72;-0.57;1.22;1.68;1.11;683;11.05;97
2008-11;0.02;-0.47;1.84;0.31;0.27;-1.25;-0.5;-0.6;0.92;0.09;1.05;686;9.13;402
2008-12;0.03;-0.35;1.89;0.41;0.26;-0.87;-0.61;-0.8;1.19;0.65;-1.71;692;10.46;1271
2009-1;-0.04;-0.52;0.67;0.45;0.07;-1.4;-0.71;-0.73;0.96;0.8;0.13;698;10.71;1224
2009-2;-0.15;-0.38;-2.79;0.35;-0.37;-1.55;-0.68;-0.69;0.46;-0.67;-1.57;700;12.33;1120
2009-3;-0.14;0.19;-3.72;0.54;-0.34;-1.59;-0.73;-0.38;0.61;0.12;-1.29;692;11.44;820
2009-4;-0.12;-0.36;-4.03;0.52;-0.31;-1.65;-0.16;-0.41;0.03;0.97;-0.04;697;9.11;1300
2009-5;-0.05;1.61;-5.29;0.79;-0.23;-0.88;0.37;-0.18;-0.73;1.19;-0.43;705;1.56;636
2009-6;0.14;-0.91;-3.6;0.59;0.05;-0.31;0.89;-0.12;-0.47;-1.35;0.48;686;-5.47;409
2009-7;0.24;-2.11;0.11;0.39;0.45;-0.53;1;-0.08;-1.23;-1.36;0.72;682;-12.21;283
2009-8;0.17;-0.37;0.33;0.24;0.41;0.09;0.99;0.11;-0.69;-0.05;0.62;674;-14.45;222
2009-9;0.07;1.62;0.45;0.19;0.35;0.52;0.81;0.32;-0.02;0.88;1.03;705;-13.81;239
2009-10;0.18;-0.61;2.56;0.45;0.63;0.27;1.04;0.59;0.09;-1.54;0.64;723;-11.69;537
2009-11;0.09;-0.16;2.53;0.3;0.51;-0.4;1.09;0.86;-1.92;0.46;0.19;736;-13.83;728
2009-12;0.1;-1.88;1.01;0.7;0.54;0.08;1.04;0.77;0.61;-3.41;0.04;768;-15.57;1271
2010-1;0.06;-1.8;1.98;0.79;0.8;0.83;1.15;0.88;-0.76;-2.59;0.96;811;-16.02;1428
2010-2;0.19;-2.69;3.96;0.68;1.07;0.82;1.52;0.66;-0.78;-4.27;0.48;847;-16.98;747
2010-3;0.3;-1.33;5.01;0.89;1.27;0.44;1.39;0.56;0.11;-0.43;1.68;834;-19.68;1036
2010-4;0.44;-0.93;5.3;0.68;1.4;0.78;0.89;0.2;0.38;-0.28;1.26;759;-23.57;749
2010-5;0.48;-1.33;6.11;0.62;1.35;0.62;0.62;-0.22;1.02;-0.92;-0.73;738;-26.28;290
2010-6;0.46;-0.52;4.17;0.85;1.11;-0.22;-0.27;-0.3;2.07;-0.01;-0.1;725;-25.05;222
2010-7;0.47;-0.39;3.84;0.6;1.01;-1.05;-1.07;-0.4;2.42;0.44;0.89;798;-9.84;181
2010-8;0.54;-1.69;4.19;0.48;0.97;-1.27;-1.78;-0.65;1.51;-0.12;1.07;795;1.45;146
2010-9;0.47;-0.62;4.92;0.23;0.75;-1.61;-1.95;-0.77;0.4;-0.87;1.07;811;6.58;105
2010-10;0.34;-0.5;6.11;0.43;0.77;-1.06;-1.9;-0.79;1.34;-0.47;2.15;817;10.83;211
2010-11;0.25;-1.84;6.32;0.4;0.7;-0.82;-1.52;-0.85;1.52;-0.38;-0.81;825;12.16;652
2010-12;0.22;-1.8;7.8;0.41;0.96;-1.21;-1.53;-0.93;0.21;-2.63;-2.08;842;10.97;1157
2011-1;0.16;-1.53;7.01;0.45;0.97;-0.92;-1.65;-1.05;0.05;-1.68;1;834;9.18;2433
2011-2;0.12;0.35;3.3;0.59;0.53;-0.83;-1.53;-1.13;1.07;1.58;-2.41;946;10.05;1321
2011-3;0.07;0.24;1.37;0.72;0.41;-0.69;-1.56;-0.65;-0.3;1.42;0.38;1158;10.44;2110
2011-4;0.11;2.55;0.16;0.49;0.33;-0.42;-1.48;-0.63;-0.87;2.28;-1.78;1125;10.71;1145
2011-5;0.17;-0.01;0.96;0.3;0.41;-0.37;-0.27;-0.57;1.27;-0.04;0.25;958;10.02;583
2011-6;0.19;-0.98;1.87;0.2;0.59;-0.69;-0.05;-0.5;-0.1;-0.86;0.35;958;3.9;421
2011-7;0.11;-1.48;0.97;0.27;0.43;-1.86;-0.05;-0.37;-1.38;-0.47;-0.75;941;0.44;322
2011-8;0.16;-1.85;0.78;0.2;0.49;-1.74;-0.44;-0.45;-1.2;-1.06;1.4;1017;-0.49;186
2011-9;0.16;0.67;2.24;0.24;0.36;-1.79;-0.71;-0.28;-1.25;0.67;-0.39;1345;-2.3;124
2011-10;0.08;0.94;3.32;0.28;0.44;-1.34;-0.94;-0.42;0.39;0.8;0.86;1372;-3.05;315
2011-11;-0.06;1.3;3.36;-0.05;0.21;-2.33;-0.89;-0.56;-0.91;1.46;-0.76;1531;-9.09;685
2011-12;-0.03;2.25;4.47;-0.48;0.23;-1.79;-0.91;-0.9;2.57;2.22;0.06;1412;-16.25;1371
2012-1;-0.05;0.86;3.13;-0.32;0.16;-1.38;-1;-0.78;1.58;-0.22;0.13;1331;-16.07;2182
2012-2;0.02;0.03;1.33;-0.51;-0.02;-0.85;-0.67;-1.02;-0.28;-0.04;0.7;1068;-15.25;1472
2012-3;0.04;0.93;-2.18;-0.08;-0.26;-1.05;-0.43;-0.72;0.28;1.04;-0.19;1150;-16.74;960
2012-4;0.1;0.37;-1.23;-0.33;-0.17;-0.27;0.05;-0.58;0.67;-0.04;-0.09;1131;-17.62;634
2012-5;0.18;-0.79;-0.85;-0.04;0.09;-1.26;0.74;-0.59;0.15;0.17;-0.29;1215;-22.04;383
2012-6;0.32;-2.25;0.48;0.04;0.31;-0.87;0.94;-0.57;-0.2;-0.67;-0.42;1209;-25.89;324
2012-7;0.39;-1.29;0.74;-0.03;0.3;-1.52;1.17;-0.48;1.26;0.17;-0.57;1361;-27.82;221
2012-8;0.45;-1.39;2.05;-0.08;0.52;-1.93;0.58;0.03;0.49;0.01;-0.2;1157;-27.93;130
2012-9;0.46;-0.43;3.49;0.02;0.72;-2.21;0.33;0.12;0.56;0.77;-0.39;1230;-26.6;152
2012-10;0.35;-1.73;4.97;0.03;0.78;-0.79;0.14;0.33;-0.44;-1.51;-1.13;1232;-24.51;250
2012-11;0.18;-0.74;5.35;0.03;0.75;-0.59;0.21;0.3;-1.7;-0.11;-1.06;1209;-18.95;564
2012-12;0.16;0.07;3.92;0.18;0.55;-0.48;0.08;0.11;-0.76;-1.75;-1.31;1083;-10.02;585
2013-1;0.14;-0.11;2.86;0.39;0.44;-0.13;0.07;0.09;0.07;-0.61;0.05;1271;-6.07;1393
2013-2;0.13;-0.96;1.63;0.25;0.4;-0.43;-0.12;-0.29;0.72;-1.01;0.3;1042;-1.23;1143
2013-3;0.17;-2.09;3.72;0.26;0.7;-0.63;-0.18;-0.41;1.38;-3.19;-0.26;1113;2.85;921
2013-4;0.15;0.6;2.22;0.35;0.53;-0.16;0;-0.06;0.61;0.32;-1.76;1251;8.39;873
2013-5;0.12;0.58;3.12;0.48;0.64;0.08;0.12;0.11;0.36;0.49;-0.24;1313;12.64;410
2013-6;0.06;0.83;0.86;0.28;0.32;-0.78;-0.18;0.23;-0.27;0.55;-0.35;1101;13.38;399
2013-7;0.21;0.7;0.75;0.23;0.34;-1.25;-0.37;0.13;0.95;-0.01;-0.71;1155;14.27;256
2013-8;0.21;1.12;1.63;0.25;0.56;-1.04;-0.53;0.16;-1.56;0.15;-0.06;1154;14.66;173
2013-9;0.27;0.38;2.9;0.03;0.61;-0.48;-0.1;0.07;-1.66;-0.46;0.41;1026;13.12;118
2013-10;0.36;-0.88;4.48;0.04;0.66;-0.87;0.14;-0.05;-0.46;0.26;-0.21;1324;11.69;224
2013-11;0.14;0.81;3.06;-0.07;0.32;-0.11;-0.03;0.18;0.19;2.03;-1.14;1483;12.45;314
2013-12;0.05;0.79;2.85;0.11;0.27;-0.41;-0.26;-0.15;0.06;1.48;-1.16;1477;12.55;1114
2014-1;-0.05;-0.17;0.77;0.11;0.13;0.3;-0.29;-0.27;-0.68;-0.97;0.59;1601;13.13;745
2014-2;-0.03;1.07;-1.92;0.22;-0.08;0.38;-0.24;0.23;0.32;0.04;-1.57;1702;12.68;831
2014-3;-0.07;0.44;-4.4;0.22;-0.35;0.97;0.01;0.23;0.47;1.21;-0.5;1499;11.72;1233
2014-4;-0.08;0.19;-3.68;0.23;-0.21;1.13;0.19;0.16;0.61;0.97;0;1442;7.15;1047
2014-5;0.01;-0.8;-3.8;0.48;-0.06;1.8;0.97;-0.04;-0.45;0.46;-0.59;1302;-2.81;531
2014-6;0.08;-0.67;-4.29;0.47;-0.05;0.82;1;-0.24;0.84;-0.51;-1.44;1221;-13.98;324
2014-7;0.24;0.21;-2.13;0.17;0.14;0.7;0.92;-0.25;0.25;-0.49;0.5;1373;-19.29;230
2014-8;0.35;-2.28;-0.34;0.24;0.23;0.67;0.94;-0.09;-0.06;-0.37;1.35;1252;-21.64;147
2014-9;0.33;1.72;1.8;0.26;0.51;1.08;0.6;0.26;-1.12;0.1;0.78;1477;-23.24;127
2014-10;0.31;-0.87;3.18;0.16;0.56;1.49;0.41;0.26;-0.04;-1.13;1.14;1551;-23.86;126
2014-11;0.08;0.58;3.1;-0.32;0.35;1.72;0.77;0.34;-0.52;-0.53;0.64;1547;-23.65;375
2014-12;0.08;1.63;1.35;-0.12;0.34;2.51;0.61;0.27;1.32;0.41;0.37;1589;-25.38;853
